<?xml version="1.0" encoding="UTF-8"?>
<!DOCTYPE sqlMap PUBLIC "-//ibatis.apache.org//DTD SQL Map 2.0//EN" "http://ibatis.apache.org/dtd/sql-map-2.dtd" >
<sqlMap namespace="memberDAO">
<typeAlias  alias="egovMap" type="egovframework.rte.psl.dataaccess.util.EgovMap"/>
<typeAlias  alias="memberVO" type="member.service.MemberVO"/>
	<!-- 회원가입 -->
	<insert id="insertMember">
		INSERT INTO MEMBER(USERID, PASS, NAME, GENDER, BIRTH, TEL, ADDRESS)
			VALUES(#userid#,#pass#,#name#,#gender#,#birth#,#tel#,#address#)
	</insert>
	
	<!-- 아이디 중복 체크 -->
	<select id="idChk" resultClass="Integer">
		SELECT count(*) <!-- 여기서 * 로 하면 전체 데이터로 검색 되기 때문에 중복체크 확인이 안 된다. -->
		FROM MEMBER
		WHERE USERID = #userid#
	</select>
	
	<!-- 로그인 -->
	<select id="loginProc" resultClass="Integer">
		SELECT COUNT(*)
		FROM MEMBER
		WHERE USERID = #userid#
		AND PASS = #pass#
	</select>
	
	<!-- 회원목록 -->
	<select id="memberList" resultClass="member.service.MemberVO">
		SELECT * FROM MEMBER
		<!-- SELECT ROWNUM() as row, 이렇게 쓰려면  VO에 row 추가 해야 한다.
		USERID, 
		PASS, 
		NAME, 
		TEL, 
		ADDRESS 
		FROM MEMBER-->
	</select>
	
</sqlMap>